Identificador de URL,Nombre,Categorías,Nombre de propiedad 1,Valor de propiedad 1,Nombre de propiedad 2,Valor de propiedad 2,Nombre de propiedad 3,Valor de propiedad 3,Precio sin descuento,Precio promocional por tiempo limitado y en 6 cuotas sin interes,Precio promocional con medio de pago transferencia
escalera-ambar,Escalera Ambar,Decoración del Hogar,,,,,,,"78.300,00",66555,43065
80-off-en-la-segunda-banqueta,80% off en la segunda banqueta,"Sillones y sillas > Sillas y Banquetas, Flash Sale",,,,,,,"390.630,00","332035,5","214846,5"
dos-banquetas-olivia-una-mesa-ana,Dos Banquetas Olivia+ Una mesa Ana,"Sillones y sillas, Flash Sale",,,,,,,"580.800,00",493680,319440
isadora-nido,Isadora + Nido,"Mesas > Ratonas, Camastros, Flash Sale",,,,,,,"1.220.000,00",1037000,671000
zapatero-perchero,Zapatero + Perchero,"Decoración del Hogar, Flash Sale",,,,,,,"95.040,00",80784,52272
gervasoni-con-juego-de-mesas-nido,Gervasoni con Juego de mesas NIDO,,Color,Negro,,,,,"1.187.300,00",1009205,653015
gervasoni-con-juego-de-mesas-nido,,,Color,Blanco,,,,,"1.187.300,00",1009205,653015
gervasoni-con-juego-de-mesas-nido,,,Color,Verde,,,,,"1.305.600,00",1109760,718080
camastro-leonor-con-mesa-brisa,Camastro Leonor con Mesa Brisa,"Sillones y sillas, Mesas, Flash Sale",Color,Negro,Tamaño,150 cm con mesa 100x50,,,"980.000,00",833000,539000
camastro-leonor-con-mesa-brisa,,,Color,Negro,Tamaño,180 cm con mesa 100x50,,,"1.029.600,00",875160,566280
camastro-leonor-con-mesa-brisa,,,Color,Blanco,Tamaño,150 cm con mesa 100x50,,,"980.000,00",833000,539000
camastro-leonor-con-mesa-brisa,,,Color,Blanco,Tamaño,180 cm con mesa 100x50,,,"1.029.600,00",875160,566280
camastro-leonor-con-mesa-brisa,,,Color,Verde,Tamaño,150 cm con mesa 100x50,,,"1.078.000,00",916300,592900
camastro-leonor-con-mesa-brisa,,,Color,Verde,Tamaño,180 cm con mesa 100x50,,,"1.132.560,00",962676,622908
camastro-leonor-con-mesa-brisa,,,Color,Oxido,Tamaño,150 cm con mesa 100x50,,,"980.000,00",833000,539000
camastro-leonor-con-mesa-brisa,,,Color,Oxido,Tamaño,180 cm con mesa 100x50,,,"1.029.600,00",875160,566280
juego-mesa-y-sillas-bali,Juego Mesa y Sillas Bali,"Sillones y sillas > Sillas y Banquetas, Mesas > Comedor / Galería",Tamaño de Mesa,160 cm,,,,,"1.669.000,00",1418650,917950
juego-mesa-y-sillas-bali,,,Tamaño de Mesa,180 cm,,,,,"1.790.800,00",1522180,984940
mesa-bali,Mesa bali,Mesas > Comedor / Galería,Tamaño,160 cm,,,,,"609.000,00",517650,334950
mesa-bali,,,Tamaño,180 cm,,,,,"730.800,00",621180,401940
set-sillon-bali,Set Sillon Bali,Sillones y sillas > Sillas y Banquetas,,,,,,,"578.000,00",491300,317900
set-sillas-bali,Set sillas Bali,Sillones y sillas > Sillas y Banquetas,,,,,,,"1.060.000,00",901000,583000
zapatero-cata,Zapatero Cata,Flash Sale,Color,Negro,,,,,"56.700,00",48195,31185
perchero-cata-5-agarres,Perchero cata 5 agarres,,Color,Negro,,,,,"38.500,00",32725,21175
fogonero-con-media-parrilla,Fogonero con media parrilla,"Fogoneros, Flash Sale",Tamaño,60 cm de diametro,Modelo,Perickle,Color,Negro,"454.000,00",385900,249700
fogonero-con-media-parrilla,,,Tamaño,60 cm de diametro,Modelo,Perickle,Color,Oxido,"454.000,00",385900,249700
fogonero-con-media-parrilla,,,Tamaño,60 cm de diametro,Modelo,Efesto,Color,Negro,"379.000,00",322150,208450
fogonero-con-media-parrilla,,,Tamaño,60 cm de diametro,Modelo,Efesto,Color,Oxido,"379.000,00",322150,208450
fogonero-con-media-parrilla,,,Tamaño,80 cm de diametro,Modelo,Perickle,Color,Negro,"620.400,00",527340,341220
fogonero-con-media-parrilla,,,Tamaño,80 cm de diametro,Modelo,Perickle,Color,Oxido,"620.400,00",527340,341220
fogonero-con-media-parrilla,,,Tamaño,80 cm de diametro,Modelo,Efesto,Color,Negro,"580.300,00",493255,319165
fogonero-con-media-parrilla,,,Tamaño,80 cm de diametro,Modelo,Efesto,Color,Oxido,"580.300,00",493255,319165
fogonero-con-media-parrilla,,,Tamaño,100 cm de diametro,Modelo,Perickle,Color,Negro,"837.000,00",711450,460350
fogonero-con-media-parrilla,,,Tamaño,100 cm de diametro,Modelo,Perickle,Color,Oxido,"837.000,00",711450,460350
fogonero-con-media-parrilla,,,Tamaño,100 cm de diametro,Modelo,Efesto,Color,Negro,"820.550,00","697467,5","451302,5"
fogonero-con-media-parrilla,,,Tamaño,100 cm de diametro,Modelo,Efesto,Color,Oxido,"820.550,00","697467,5","451302,5"
soporte-lateral-especial-de-pared-a-pared,Soporte lateral (especial de pared a pared),Barrales y Accesorios > Accesorios,,,,,,,"29.000,00",24650,15950
estantes-cuadrados-modulares-de-chapa-plegada,Estantes Cuadrados Modulares de Chapa Plegada,Decoración del Hogar,Color,Blanco,,,,,"330.000,00",280500,181500
estantes-cuadrados-modulares-de-chapa-plegada,,,Color,Negro,,,,,"330.000,00",280500,181500
kit-barral-doble-completo,Kit Barral Doble Completo,Barrales y Accesorios > Barrales completos,Color,Blanco,Tamaño,100cm,Terminal,Esfera,"138.972,00","118126,2","76434,6"
kit-barral-doble-completo,,,Color,Blanco,Tamaño,100cm,Terminal,Cilindro,"118.530,00","100750,5","65191,5"
kit-barral-doble-completo,,,Color,Blanco,Tamaño,150cm,Terminal,Esfera,"151.700,00",128945,83435
kit-barral-doble-completo,,,Color,Blanco,Tamaño,150cm,Terminal,Cilindro,"121.000,00",102850,66550
kit-barral-doble-completo,,,Color,Blanco,Tamaño,200cm,Terminal,Esfera,"144.012,00","122410,2","79206,6"
kit-barral-doble-completo,,,Color,Blanco,Tamaño,200cm,Terminal,Cilindro,"132.050,00","112242,5","72627,5"
kit-barral-doble-completo,,,Color,Blanco,Tamaño,250cm,Terminal,Esfera,"198.150,00","168427,5","108982,5"
kit-barral-doble-completo,,,Color,Blanco,Tamaño,250cm,Terminal,Cilindro,"177.700,00",151045,97735
kit-barral-doble-completo,,,Color,Blanco,Tamaño,300cm,Terminal,Esfera,"210.850,00","179222,5","115967,5"
kit-barral-doble-completo,,,Color,Blanco,Tamaño,300cm,Terminal,Cilindro,"190.450,00","161882,5","104747,5"
kit-barral-doble-completo,,,Color,Blanco,Tamaño,350cm,Terminal,Esfera,"223.600,00",190060,122980
kit-barral-doble-completo,,,Color,Blanco,Tamaño,350cm,Terminal,Cilindro,"203.150,00","172677,5","111732,5"
kit-barral-doble-completo,,,Color,Blanco,Tamaño,400cm,Terminal,Esfera,"236.300,00",200855,129965
kit-barral-doble-completo,,,Color,Blanco,Tamaño,400cm,Terminal,Cilindro,"215.860,00",183481,118723
kit-barral-doble-completo,,,Color,Blanco,Tamaño,450cm,Terminal,Esfera,"250.000,00",212500,137500
kit-barral-doble-completo,,,Color,Blanco,Tamaño,450cm,Terminal,Cilindro,"228.500,00",194225,125675
kit-barral-doble-completo,,,Color,Blanco,Tamaño,500cm,Terminal,Esfera,"282.300,00",239955,155265
kit-barral-doble-completo,,,Color,Blanco,Tamaño,500cm,Terminal,Cilindro,"262.300,00",222955,144265
kit-barral-doble-completo,,,Color,Blanco,Tamaño,550cm,Terminal,Esfera,"295.450,00","251132,5","162497,5"
kit-barral-doble-completo,,,Color,Blanco,Tamaño,550cm,Terminal,Cilindro,"275.010,00","233758,5","151255,5"
kit-barral-doble-completo,,,Color,Negro,Tamaño,100cm,Terminal,Esfera,"138.972,00","118126,2","76434,6"
kit-barral-doble-completo,,,Color,Negro,Tamaño,100cm,Terminal,Cilindro,"118.530,00","100750,5","65191,5"
kit-barral-doble-completo,,,Color,Negro,Tamaño,150cm,Terminal,Esfera,"151.700,00",128945,83435
kit-barral-doble-completo,,,Color,Negro,Tamaño,150cm,Terminal,Cilindro,"121.000,00",102850,66550
kit-barral-doble-completo,,,Color,Negro,Tamaño,200cm,Terminal,Esfera,"144.012,00","122410,2","79206,6"
kit-barral-doble-completo,,,Color,Negro,Tamaño,200cm,Terminal,Cilindro,"132.050,00","112242,5","72627,5"
kit-barral-doble-completo,,,Color,Negro,Tamaño,250cm,Terminal,Esfera,"198.150,00","168427,5","108982,5"
kit-barral-doble-completo,,,Color,Negro,Tamaño,250cm,Terminal,Cilindro,"177.700,00",151045,97735
kit-barral-doble-completo,,,Color,Negro,Tamaño,300cm,Terminal,Esfera,"210.850,00","179222,5","115967,5"
kit-barral-doble-completo,,,Color,Negro,Tamaño,300cm,Terminal,Cilindro,"190.450,00","161882,5","104747,5"
kit-barral-doble-completo,,,Color,Negro,Tamaño,350cm,Terminal,Esfera,"223.600,00",190060,122980
kit-barral-doble-completo,,,Color,Negro,Tamaño,350cm,Terminal,Cilindro,"203.150,00","172677,5","111732,5"
kit-barral-doble-completo,,,Color,Negro,Tamaño,400cm,Terminal,Esfera,"236.300,00",200855,129965
kit-barral-doble-completo,,,Color,Negro,Tamaño,400cm,Terminal,Cilindro,"179.886,00","152903,1","98937,3"
kit-barral-doble-completo,,,Color,Negro,Tamaño,450cm,Terminal,Esfera,"250.000,00",212500,137500
kit-barral-doble-completo,,,Color,Negro,Tamaño,450cm,Terminal,Cilindro,"228.500,00",194225,125675
kit-barral-doble-completo,,,Color,Negro,Tamaño,500cm,Terminal,Esfera,"262.300,00",222955,144265
kit-barral-doble-completo,,,Color,Negro,Tamaño,500cm,Terminal,Cilindro,"262.300,00",222955,144265
kit-barral-doble-completo,,,Color,Negro,Tamaño,550cm,Terminal,Esfera,"295.450,00","251132,5","162497,5"
kit-barral-doble-completo,,,Color,Negro,Tamaño,550cm,Terminal,Cilindro,"275.010,00","233758,5","151255,5"
kit-barral-simple-completo,Kit Barral Simple Completo,"Barrales y Accesorios > Barrales completos, Barrales y Accesorios > Accesorios, Decoración del Hogar",Color,Blanco,Tamaño,100cm,Terminal,Esfera,"69758,4","59294,64","38367,12"
kit-barral-simple-completo,,,Color,Blanco,Tamaño,100cm,Terminal,Cilindro,"59535,6","50605,26","32744,58"
kit-barral-simple-completo,,,Color,Blanco,Tamaño,150cm,Terminal,Esfera,76128,"64708,8","41870,4"
kit-barral-simple-completo,,,Color,Blanco,Tamaño,150cm,Terminal,Cilindro,"65906,4","56020,44","36248,52"
kit-barral-simple-completo,,,Color,Blanco,Tamaño,200cm,Terminal,Esfera,82500,70125,45375
kit-barral-simple-completo,,,Color,Blanco,Tamaño,200cm,Terminal,Cilindro,"72278,4","61436,64","39753,12"
kit-barral-simple-completo,,,Color,Blanco,Tamaño,250cm,Terminal,Esfera,"99481,2","84559,02","54714,66"
kit-barral-simple-completo,,,Color,Blanco,Tamaño,250cm,Terminal,Cilindro,"89259,6","75870,66","49092,78"
kit-barral-simple-completo,,,Color,Blanco,Tamaño,300cm,Terminal,Esfera,"105841,2","89965,02","58212,66"
kit-barral-simple-completo,,,Color,Blanco,Tamaño,300cm,Terminal,Cilindro,"95619,6","81276,66","52590,78"
kit-barral-simple-completo,,,Color,Blanco,Tamaño,350cm,Terminal,Esfera,"112203,6","95373,06","61711,98"
kit-barral-simple-completo,,,Color,Blanco,Tamaño,350cm,Terminal,Cilindro,101982,"86684,7","56090,1"
kit-barral-simple-completo,,,Color,Blanco,Tamaño,400cm,Terminal,Esfera,"118562,4","100778,04","65209,32"
kit-barral-simple-completo,,,Color,Blanco,Tamaño,400cm,Terminal,Cilindro,"108339,6","92088,66","59586,78"
kit-barral-simple-completo,,,Color,Blanco,Tamaño,450cm,Terminal,Esfera,"124930,8","106191,18","68711,94"
kit-barral-simple-completo,,,Color,Blanco,Tamaño,450cm,Terminal,Cilindro,"114709,2","97502,82","63090,06"
kit-barral-simple-completo,,,Color,Blanco,Tamaño,500cm,Terminal,Esfera,"141913,2","120626,22","78052,26"
kit-barral-simple-completo,,,Color,Blanco,Tamaño,500cm,Terminal,Cilindro,"131690,4","111936,84","72429,72"
kit-barral-simple-completo,,,Color,Blanco,Tamaño,550cm,Terminal,Esfera,"148273,2","126032,22","81550,26"
kit-barral-simple-completo,,,Color,Blanco,Tamaño,550cm,Terminal,Cilindro,"138050,4","117342,84","75927,72"
kit-barral-simple-completo,,,Color,Negro,Tamaño,100cm,Terminal,Esfera,"69758,4","59294,64","38367,12"
kit-barral-simple-completo,,,Color,Negro,Tamaño,100cm,Terminal,Cilindro,"59535,6","50605,26","32744,58"
kit-barral-simple-completo,,,Color,Negro,Tamaño,150cm,Terminal,Esfera,76128,"64708,8","41870,4"
kit-barral-simple-completo,,,Color,Negro,Tamaño,150cm,Terminal,Cilindro,"65906,4","56020,44","36248,52"
kit-barral-simple-completo,,,Color,Negro,Tamaño,200cm,Terminal,Esfera,82500,70125,45375
kit-barral-simple-completo,,,Color,Negro,Tamaño,200cm,Terminal,Cilindro,"72277,2","61435,62","39752,46"
kit-barral-simple-completo,,,Color,Negro,Tamaño,250cm,Terminal,Esfera,"99481,2","84559,02","54714,66"
kit-barral-simple-completo,,,Color,Negro,Tamaño,250cm,Terminal,Cilindro,"89263,2","75873,72","49094,76"
kit-barral-simple-completo,,,Color,Negro,Tamaño,300cm,Terminal,Esfera,"105841,2","89965,02","58212,66"
kit-barral-simple-completo,,,Color,Negro,Tamaño,300cm,Terminal,Cilindro,"95619,6","81276,66","52590,78"
kit-barral-simple-completo,,,Color,Negro,Tamaño,350cm,Terminal,Esfera,"112203,6","95373,06","61711,98"
kit-barral-simple-completo,,,Color,Negro,Tamaño,350cm,Terminal,Cilindro,101982,"86684,7","56090,1"
kit-barral-simple-completo,,,Color,Negro,Tamaño,400cm,Terminal,Esfera,"118562,4","100778,04","65209,32"
kit-barral-simple-completo,,,Color,Negro,Tamaño,400cm,Terminal,Cilindro,"108339,6","92088,66","59586,78"
kit-barral-simple-completo,,,Color,Negro,Tamaño,450cm,Terminal,Esfera,"124930,8","106191,18","68711,94"
kit-barral-simple-completo,,,Color,Negro,Tamaño,450cm,Terminal,Cilindro,"114709,2","97502,82","63090,06"
kit-barral-simple-completo,,,Color,Negro,Tamaño,500cm,Terminal,Esfera,"23113,2","19646,22","12712,26"
kit-barral-simple-completo,,,Color,Negro,Tamaño,500cm,Terminal,Cilindro,"131691,6","111937,86","72430,38"
kit-barral-simple-completo,,,Color,Negro,Tamaño,550cm,Terminal,Esfera,"148273,2","126032,22","81550,26"
kit-barral-simple-completo,,,Color,Negro,Tamaño,550cm,Terminal,Cilindro,"138050,4","117342,84","75927,72"
estaca-asador,Estaca asador,Fogoneros,Tamaño,80 cm,,,,,96162,"81737,7","52889,1"
estaca-asador,,,Tamaño,1 mts,,,,,"105777,6","89910,96","58177,68"
estaca-asador,,,Tamaño,"1,10 mts",,,,,"116355,6","98902,26","63995,58"
media-parrilla,Media Parrilla,Fogoneros,Tamaño,50cm,,,,,174240,148104,95832
media-parrilla,,,Tamaño,60cm,,,,,"207760,8","176596,68","114268,44"
media-parrilla,,,Tamaño,80cm,,,,,"268366,8","228111,78","147601,74"
media-parrilla,,,Tamaño,100cm,,,,,"341390,4","290181,84","187764,72"
banqueta-olivia,Banqueta Olivia,"Sillones y sillas > Sillas y Banquetas, Decoración del Hogar",Color Hierro,Blanco,Color de Tapicería,Gris Micro Chenille,,,360582,"306494,7","198320,1"
banqueta-olivia,,,Color Hierro,Blanco,Color de Tapicería,Natural Micro Chenille,,,360582,"306494,7","198320,1"
banqueta-olivia,,,Color Hierro,Blanco,Color de Tapicería,Negro Micro chenille,,,360582,"306494,7","198320,1"
banqueta-olivia,,,Color Hierro,Blanco,Color de Tapicería,Gris Lino antimanchas,,,360582,"306494,7","198320,1"
banqueta-olivia,,,Color Hierro,Blanco,Color de Tapicería,Natural anti manchas,,,360582,"306494,7","198320,1"
banqueta-olivia,,,Color Hierro,Blanco,Color de Tapicería,Negro anti manchas,,,360582,"306494,7","198320,1"
banqueta-olivia,,,Color Hierro,Negro,Color de Tapicería,Gris Micro Chenille,,,360582,"306494,7","198320,1"
banqueta-olivia,,,Color Hierro,Negro,Color de Tapicería,Natural Micro Chenille,,,360582,"306494,7","198320,1"
banqueta-olivia,,,Color Hierro,Negro,Color de Tapicería,Negro Micro chenille,,,360582,"306494,7","198320,1"
banqueta-olivia,,,Color Hierro,Negro,Color de Tapicería,Gris Lino antimanchas,,,360582,"306494,7","198320,1"
banqueta-olivia,,,Color Hierro,Negro,Color de Tapicería,Natural anti manchas,,,360582,"306494,7","198320,1"
banqueta-olivia,,,Color Hierro,Negro,Color de Tapicería,Negro anti manchas,,,360582,"306494,7","198320,1"
banqueta-olivia,,,Color Hierro,Verde,Color de Tapicería,Gris Micro Chenille,,,"396639,6","337143,66","218151,78"
banqueta-olivia,,,Color Hierro,Verde,Color de Tapicería,Natural Micro Chenille,,,"396639,6","337143,66","218151,78"
banqueta-olivia,,,Color Hierro,Verde,Color de Tapicería,Negro Micro chenille,,,"396639,6","337143,66","218151,78"
banqueta-olivia,,,Color Hierro,Verde,Color de Tapicería,Gris Lino antimanchas,,,"396639,6","337143,66","218151,78"
banqueta-olivia,,,Color Hierro,Verde,Color de Tapicería,Natural anti manchas,,,"396639,6","337143,66","218151,78"
banqueta-olivia,,,Color Hierro,Verde,Color de Tapicería,Negro anti manchas,,,"396639,6","337143,66","218151,78"
dos-reposeras,Dos reposeras,Camastros,Color,Negro,Color de Tapicería,Blanco,,,1320000,1122000,726000
dos-reposeras,,,Color,Negro,Color de Tapicería,Gris,,,1320000,1122000,726000
dos-reposeras,,,Color,Negro,Color de Tapicería,Natural,,,1320000,1122000,726000
dos-reposeras,,,Color,Negro,Color de Tapicería,Sin tapiceria,,,1170180,994653,643599
dos-reposeras,,,Color,Blanco,Color de Tapicería,Blanco,,,1320000,1122000,726000
dos-reposeras,,,Color,Blanco,Color de Tapicería,Gris,,,1320000,1122000,726000
dos-reposeras,,,Color,Blanco,Color de Tapicería,Natural,,,1320000,1122000,726000
dos-reposeras,,,Color,Blanco,Color de Tapicería,Sin tapiceria,,,"1170309,6","994763,16","643670,28"
dos-reposeras,,,Color,Verde,Color de Tapicería,Blanco,,,1452000,1234200,798600
dos-reposeras,,,Color,Verde,Color de Tapicería,Gris,,,1452000,1234200,798600
dos-reposeras,,,Color,Verde,Color de Tapicería,Natural,,,1452000,1234200,798600
dos-reposeras,,,Color,Verde,Color de Tapicería,Sin tapiceria,,,1287264,"1094174,4","707995,2"
funda-para-muebles,Funda Para muebles,Tapicería,Medida,70 x 70 x 80,Color de Tapicería,natural,,,1320000,1122000,726000
funda-para-muebles,,,Medida,70 x 70 x 80,Color de Tapicería,gris,,,1320000,1122000,726000
funda-para-muebles,,,Medida,70 x 70 x 80,Color de Tapicería,blanco,,,1320000,1122000,726000
funda-para-muebles,,,Medida,150 x 70 x 80,Color de Tapicería,natural,,,2112000,1795200,1161600
funda-para-muebles,,,Medida,150 x 70 x 80,Color de Tapicería,gris,,,2112000,1795200,1161600
funda-para-muebles,,,Medida,150 x 70 x 80,Color de Tapicería,blanco,,,2112000,1795200,1161600
funda-para-muebles,,,Medida,180 x 70 x 80,Color de Tapicería,natural,,,2508000,2131800,1379400
funda-para-muebles,,,Medida,180 x 70 x 80,Color de Tapicería,gris,,,2508000,2131800,1379400
funda-para-muebles,,,Medida,180 x 70 x 80,Color de Tapicería,blanco,,,2508000,2131800,1379400
funda-para-muebles,,,Medida,100 x 50 x 40,Color de Tapicería,natural,,,1320000,1122000,726000
funda-para-muebles,,,Medida,100 x 50 x 40,Color de Tapicería,gris,,,1320000,1122000,726000
funda-para-muebles,,,Medida,100 x 50 x 40,Color de Tapicería,blanco,,,1320000,1122000,726000
mesa-dana,Mesa Dana,Mesas > Ratonas,Tamaño,50 x 50,Color,Blanco,,,201750,"171487,5","110962,5"
mesa-dana,,,Tamaño,50 x 50,Color,Negro,,,201750,"171487,5","110962,5"
mesa-dana,,,Tamaño,50 x 50,Color,Oxido,,,201750,"171487,5","110962,5"
mesa-dana,,,Tamaño,50 x 50,Color,Verde,,,201750,"171487,5","110962,5"
camastro-isadora,Camastro Isadora,Camastros,Color,Blanco,Tamaño,70 x 70,Color de Tapicería,Blanco,"399424,8","339511,08","219683,64"
camastro-isadora,,,Color,Blanco,Tamaño,70 x 70,Color de Tapicería,Natural,"399424,8","339511,08","219683,64"
camastro-isadora,,,Color,Blanco,Tamaño,70 x 70,Color de Tapicería,Gris,"399424,8","339511,08","219683,64"
camastro-isadora,,,Color,Blanco,Tamaño,70 x 70,Color de Tapicería,Sin Tapicería,"266500,8","226525,68","146575,44"
camastro-isadora,,,Color,Blanco,Tamaño,150 x 70,Color de Tapicería,Blanco,"708549,6","602267,16","389702,28"
camastro-isadora,,,Color,Blanco,Tamaño,150 x 70,Color de Tapicería,Natural,"708549,6","602267,16","389702,28"
camastro-isadora,,,Color,Blanco,Tamaño,150 x 70,Color de Tapicería,Gris,"708549,6","602267,16","389702,28"
camastro-isadora,,,Color,Blanco,Tamaño,150 x 70,Color de Tapicería,Sin Tapicería,"426559,2","362575,32","234607,56"
camastro-isadora,,,Color,Blanco,Tamaño,180 x 70,Color de Tapicería,Blanco,863940,734349,475167
camastro-isadora,,,Color,Blanco,Tamaño,180 x 70,Color de Tapicería,Natural,863940,734349,475167
camastro-isadora,,,Color,Blanco,Tamaño,180 x 70,Color de Tapicería,Gris,863940,734349,475167
camastro-isadora,,,Color,Blanco,Tamaño,180 x 70,Color de Tapicería,Sin Tapicería,527106,"448040,1","289908,3"
camastro-isadora,,,Color,Negro,Tamaño,70 x 70,Color de Tapicería,Blanco,"439366,8","373461,78","241651,74"
camastro-isadora,,,Color,Negro,Tamaño,70 x 70,Color de Tapicería,Natural,"439366,8","373461,78","241651,74"
camastro-isadora,,,Color,Negro,Tamaño,70 x 70,Color de Tapicería,Gris,"439366,8","373461,78","241651,74"
camastro-isadora,,,Color,Negro,Tamaño,70 x 70,Color de Tapicería,Sin Tapicería,"293150,4","249177,84","161232,72"
camastro-isadora,,,Color,Negro,Tamaño,150 x 70,Color de Tapicería,Blanco,"779403,6","662493,06","428671,98"
camastro-isadora,,,Color,Negro,Tamaño,150 x 70,Color de Tapicería,Natural,"779403,6","662493,06","428671,98"
camastro-isadora,,,Color,Negro,Tamaño,150 x 70,Color de Tapicería,Gris,"779403,6","662493,06","428671,98"
camastro-isadora,,,Color,Negro,Tamaño,150 x 70,Color de Tapicería,Sin Tapicería,"469214,4","398832,24","258067,92"
camastro-isadora,,,Color,Negro,Tamaño,180 x 70,Color de Tapicería,Blanco,785400,667590,431970
camastro-isadora,,,Color,Negro,Tamaño,180 x 70,Color de Tapicería,Natural,785400,667590,431970
camastro-isadora,,,Color,Negro,Tamaño,180 x 70,Color de Tapicería,Gris,785400,667590,431970
camastro-isadora,,,Color,Negro,Tamaño,180 x 70,Color de Tapicería,Sin Tapicería,"479187,6","407309,46","263553,18"
camastro-isadora,,,Color,Óxido,Tamaño,70 x 70,Color de Tapicería,Blanco,"399424,8","339511,08","219683,64"
camastro-isadora,,,Color,Óxido,Tamaño,70 x 70,Color de Tapicería,Natural,"399424,8","339511,08","219683,64"
camastro-isadora,,,Color,Óxido,Tamaño,70 x 70,Color de Tapicería,Gris,"399424,8","339511,08","219683,64"
camastro-isadora,,,Color,Óxido,Tamaño,70 x 70,Color de Tapicería,Sin Tapicería,"266500,8","226525,68","146575,44"
camastro-isadora,,,Color,Óxido,Tamaño,150 x 70,Color de Tapicería,Blanco,"708549,6","602267,16","389702,28"
camastro-isadora,,,Color,Óxido,Tamaño,150 x 70,Color de Tapicería,Natural,"708549,6","602267,16","389702,28"
camastro-isadora,,,Color,Óxido,Tamaño,150 x 70,Color de Tapicería,Gris,"708549,6","602267,16","389702,28"
camastro-isadora,,,Color,Óxido,Tamaño,150 x 70,Color de Tapicería,Sin Tapicería,"426559,2","362575,32","234607,56"
camastro-isadora,,,Color,Óxido,Tamaño,180 x 70,Color de Tapicería,Blanco,785400,667590,431970
camastro-isadora,,,Color,Óxido,Tamaño,180 x 70,Color de Tapicería,Natural,785400,667590,431970
camastro-isadora,,,Color,Óxido,Tamaño,180 x 70,Color de Tapicería,Gris,785400,667590,431970
camastro-isadora,,,Color,Óxido,Tamaño,180 x 70,Color de Tapicería,Sin Tapicería,"479187,6","407309,46","263553,18"
camastro-isadora,,,Color,verde,Tamaño,70 x 70,Color de Tapicería,Blanco,"439366,8","373461,78","241651,74"
camastro-isadora,,,Color,verde,Tamaño,70 x 70,Color de Tapicería,Natural,"439366,8","373461,78","241651,74"
camastro-isadora,,,Color,verde,Tamaño,70 x 70,Color de Tapicería,Gris,"439366,8","373461,78","241651,74"
camastro-isadora,,,Color,verde,Tamaño,70 x 70,Color de Tapicería,Sin Tapicería,"293150,4","249177,84","161232,72"
camastro-isadora,,,Color,verde,Tamaño,150 x 70,Color de Tapicería,Blanco,"708549,6","602267,16","389702,28"
camastro-isadora,,,Color,verde,Tamaño,150 x 70,Color de Tapicería,Natural,"708549,6","602267,16","389702,28"
camastro-isadora,,,Color,verde,Tamaño,150 x 70,Color de Tapicería,Gris,"708549,6","602267,16","389702,28"
camastro-isadora,,,Color,verde,Tamaño,150 x 70,Color de Tapicería,Sin Tapicería,"426559,2","362575,32","234607,56"
camastro-isadora,,,Color,verde,Tamaño,180 x 70,Color de Tapicería,Blanco,785400,667590,431970
camastro-isadora,,,Color,verde,Tamaño,180 x 70,Color de Tapicería,Natural,785400,667590,431970
camastro-isadora,,,Color,verde,Tamaño,180 x 70,Color de Tapicería,Gris,785400,667590,431970
camastro-isadora,,,Color,verde,Tamaño,180 x 70,Color de Tapicería,Sin Tapicería,"479187,6","407309,46","263553,18"
camastro-clara,Camastro Clara,Camastros,Color,Blanco,Tamaño,70 x 70,Color de Tapicería,Blanco,"399424,8","339511,08","219683,64"
camastro-clara,,,Color,Blanco,Tamaño,70 x 70,Color de Tapicería,Natural,"399424,8","339511,08","219683,64"
camastro-clara,,,Color,Blanco,Tamaño,70 x 70,Color de Tapicería,Gris,"399424,8","339511,08","219683,64"
camastro-clara,,,Color,Blanco,Tamaño,70 x 70,Color de Tapicería,Sin Tapicería,"266500,8","226525,68","146575,44"
camastro-clara,,,Color,Blanco,Tamaño,150 x 70,Color de Tapicería,Blanco,"708549,6","602267,16","389702,28"
camastro-clara,,,Color,Blanco,Tamaño,150 x 70,Color de Tapicería,Natural,"708549,6","602267,16","389702,28"
camastro-clara,,,Color,Blanco,Tamaño,150 x 70,Color de Tapicería,Gris,"708549,6","602267,16","389702,28"
camastro-clara,,,Color,Blanco,Tamaño,150 x 70,Color de Tapicería,Sin Tapicería,"426559,2","362575,32","234607,56"
camastro-clara,,,Color,Blanco,Tamaño,180 x 70,Color de Tapicería,Blanco,785400,667590,431970
camastro-clara,,,Color,Blanco,Tamaño,180 x 70,Color de Tapicería,Natural,785400,667590,431970
camastro-clara,,,Color,Blanco,Tamaño,180 x 70,Color de Tapicería,Gris,785400,667590,431970
camastro-clara,,,Color,Blanco,Tamaño,180 x 70,Color de Tapicería,Sin Tapicería,"479187,6","407309,46","263553,18"
camastro-clara,,,Color,Negro,Tamaño,70 x 70,Color de Tapicería,Blanco,"399424,8","339511,08","219683,64"
camastro-clara,,,Color,Negro,Tamaño,70 x 70,Color de Tapicería,Natural,"399424,8","339511,08","219683,64"
camastro-clara,,,Color,Negro,Tamaño,70 x 70,Color de Tapicería,Gris,"399424,8","339511,08","219683,64"
camastro-clara,,,Color,Negro,Tamaño,70 x 70,Color de Tapicería,Sin Tapicería,"266500,8","226525,68","146575,44"
camastro-clara,,,Color,Negro,Tamaño,150 x 70,Color de Tapicería,Blanco,"708549,6","602267,16","389702,28"
camastro-clara,,,Color,Negro,Tamaño,150 x 70,Color de Tapicería,Natural,"708549,6","602267,16","389702,28"
camastro-clara,,,Color,Negro,Tamaño,150 x 70,Color de Tapicería,Gris,"708549,6","602267,16","389702,28"
camastro-clara,,,Color,Negro,Tamaño,150 x 70,Color de Tapicería,Sin Tapicería,"426559,2","362575,32","234607,56"
camastro-clara,,,Color,Negro,Tamaño,180 x 70,Color de Tapicería,Blanco,785400,667590,431970
camastro-clara,,,Color,Negro,Tamaño,180 x 70,Color de Tapicería,Natural,785400,667590,431970
camastro-clara,,,Color,Negro,Tamaño,180 x 70,Color de Tapicería,Gris,785400,667590,431970
camastro-clara,,,Color,Negro,Tamaño,180 x 70,Color de Tapicería,Sin Tapicería,"479187,6","407309,46","263553,18"
camastro-clara,,,Color,Óxido,Tamaño,70 x 70,Color de Tapicería,Blanco,"399424,8","339511,08","219683,64"
camastro-clara,,,Color,Óxido,Tamaño,70 x 70,Color de Tapicería,Natural,"399424,8","339511,08","219683,64"
camastro-clara,,,Color,Óxido,Tamaño,70 x 70,Color de Tapicería,Gris,"399424,8","339511,08","219683,64"
camastro-clara,,,Color,Óxido,Tamaño,70 x 70,Color de Tapicería,Sin Tapicería,"266500,8","226525,68","146575,44"
camastro-clara,,,Color,Óxido,Tamaño,150 x 70,Color de Tapicería,Blanco,"708549,6","602267,16","389702,28"
camastro-clara,,,Color,Óxido,Tamaño,150 x 70,Color de Tapicería,Natural,"708549,6","602267,16","389702,28"
camastro-clara,,,Color,Óxido,Tamaño,150 x 70,Color de Tapicería,Gris,"708549,6","602267,16","389702,28"
camastro-clara,,,Color,Óxido,Tamaño,150 x 70,Color de Tapicería,Sin Tapicería,"426559,2","362575,32","234607,56"
camastro-clara,,,Color,Óxido,Tamaño,180 x 70,Color de Tapicería,Blanco,785400,667590,431970
camastro-clara,,,Color,Óxido,Tamaño,180 x 70,Color de Tapicería,Natural,785400,667590,431970
camastro-clara,,,Color,Óxido,Tamaño,180 x 70,Color de Tapicería,Gris,785400,667590,431970
camastro-clara,,,Color,Óxido,Tamaño,180 x 70,Color de Tapicería,Sin Tapicería,"479187,6","407309,46","263553,18"
camastro-clara,,,Color,verde,Tamaño,70 x 70,Color de Tapicería,Blanco,"439366,8","373461,78","241651,74"
camastro-clara,,,Color,verde,Tamaño,70 x 70,Color de Tapicería,Natural,"439366,8","373461,78","241651,74"
camastro-clara,,,Color,verde,Tamaño,70 x 70,Color de Tapicería,Gris,"439366,8","373461,78","241651,74"
camastro-clara,,,Color,verde,Tamaño,70 x 70,Color de Tapicería,Sin Tapicería,"293150,4","249177,84","161232,72"
camastro-clara,,,Color,verde,Tamaño,150 x 70,Color de Tapicería,Blanco,"708549,6","602267,16","389702,28"
camastro-clara,,,Color,verde,Tamaño,150 x 70,Color de Tapicería,Natural,"708549,6","602267,16","389702,28"
camastro-clara,,,Color,verde,Tamaño,150 x 70,Color de Tapicería,Gris,"708549,6","602267,16","389702,28"
camastro-clara,,,Color,verde,Tamaño,150 x 70,Color de Tapicería,Sin Tapicería,"426559,2","362575,32","234607,56"
camastro-clara,,,Color,verde,Tamaño,180 x 70,Color de Tapicería,Blanco,785400,667590,431970
camastro-clara,,,Color,verde,Tamaño,180 x 70,Color de Tapicería,Natural,785400,667590,431970
camastro-clara,,,Color,verde,Tamaño,180 x 70,Color de Tapicería,Gris,785400,667590,431970
camastro-clara,,,Color,verde,Tamaño,180 x 70,Color de Tapicería,Sin Tapicería,"479187,6","407309,46","263553,18"
camastro-leonor34,Camastro Leonor,Camastros,Color,Blanco,Tamaño,70 x 70,Color de Tapicería,Blanco,"399424,8","339511,08","219683,64"
camastro-leonor34,,,Color,Blanco,Tamaño,70 x 70,Color de Tapicería,Natural,"399424,8","339511,08","219683,64"
camastro-leonor34,,,Color,Blanco,Tamaño,70 x 70,Color de Tapicería,Gris,"399424,8","339511,08","219683,64"
camastro-leonor34,,,Color,Blanco,Tamaño,70 x 70,Color de Tapicería,Sin Tapicería,"266500,8","226525,68","146575,44"
camastro-leonor34,,,Color,Blanco,Tamaño,120 x 70,Color de Tapicería,Blanco,"627754,8","533591,58","345265,14"
camastro-leonor34,,,Color,Blanco,Tamaño,120 x 70,Color de Tapicería,Natural,"627754,8","533591,58","345265,14"
camastro-leonor34,,,Color,Blanco,Tamaño,120 x 70,Color de Tapicería,Gris,"627754,8","533591,58","345265,14"
camastro-leonor34,,,Color,Blanco,Tamaño,120 x 70,Color de Tapicería,Sin Tapicería,"354214,8","301082,58","194818,14"
camastro-leonor34,,,Color,Blanco,Tamaño,150 x 70,Color de Tapicería,Blanco,"708549,6","602267,16","389702,28"
camastro-leonor34,,,Color,Blanco,Tamaño,150 x 70,Color de Tapicería,Natural,644136,"547515,6","354274,8"
camastro-leonor34,,,Color,Blanco,Tamaño,150 x 70,Color de Tapicería,Gris,"708549,6","602267,16","389702,28"
camastro-leonor34,,,Color,Blanco,Tamaño,150 x 70,Color de Tapicería,Sin Tapicería,"479187,6","407309,46","263553,18"
camastro-leonor34,,,Color,Blanco,Tamaño,180 x 70,Color de Tapicería,Blanco,785400,667590,431970
camastro-leonor34,,,Color,Blanco,Tamaño,180 x 70,Color de Tapicería,Natural,787800,669630,433290
camastro-leonor34,,,Color,Blanco,Tamaño,180 x 70,Color de Tapicería,Gris,787800,669630,433290
camastro-leonor34,,,Color,Blanco,Tamaño,180 x 70,Color de Tapicería,Sin Tapicería,"479187,6","407309,46","263553,18"
camastro-leonor34,,,Color,Negro,Tamaño,70 x 70,Color de Tapicería,Blanco,"399424,8","339511,08","219683,64"
camastro-leonor34,,,Color,Negro,Tamaño,70 x 70,Color de Tapicería,Natural,"399424,8","339511,08","219683,64"
camastro-leonor34,,,Color,Negro,Tamaño,70 x 70,Color de Tapicería,Gris,"399424,8","339511,08","219683,64"
camastro-leonor34,,,Color,Negro,Tamaño,70 x 70,Color de Tapicería,Sin Tapicería,265200,225420,145860
camastro-leonor34,,,Color,Negro,Tamaño,120 x 70,Color de Tapicería,Blanco,"627754,8","533591,58","345265,14"
camastro-leonor34,,,Color,Negro,Tamaño,120 x 70,Color de Tapicería,Natural,"627754,8","533591,58","345265,14"
camastro-leonor34,,,Color,Negro,Tamaño,120 x 70,Color de Tapicería,Gris,"627754,8","533591,58","345265,14"
camastro-leonor34,,,Color,Negro,Tamaño,120 x 70,Color de Tapicería,Sin Tapicería,"354214,8","301082,58","194818,14"
camastro-leonor34,,,Color,Negro,Tamaño,150 x 70,Color de Tapicería,Blanco,"708549,6","602267,16","389702,28"
camastro-leonor34,,,Color,Negro,Tamaño,150 x 70,Color de Tapicería,Natural,"708549,6","602267,16","389702,28"
camastro-leonor34,,,Color,Negro,Tamaño,150 x 70,Color de Tapicería,Gris,"708549,6","602267,16","389702,28"
camastro-leonor34,,,Color,Negro,Tamaño,150 x 70,Color de Tapicería,Sin Tapicería,"469214,4","398832,24","258067,92"
camastro-leonor34,,,Color,Negro,Tamaño,180 x 70,Color de Tapicería,Blanco,863940,734349,475167
camastro-leonor34,,,Color,Negro,Tamaño,180 x 70,Color de Tapicería,Natural,863940,734349,475167
camastro-leonor34,,,Color,Negro,Tamaño,180 x 70,Color de Tapicería,Gris,863940,734349,475167
camastro-leonor34,,,Color,Negro,Tamaño,180 x 70,Color de Tapicería,Sin Tapicería,527106,"448040,1","289908,3"
camastro-leonor34,,,Color,Óxido,Tamaño,70 x 70,Color de Tapicería,Blanco,"439366,8","373461,78","241651,74"
camastro-leonor34,,,Color,Óxido,Tamaño,70 x 70,Color de Tapicería,Natural,"439366,8","373461,78","241651,74"
camastro-leonor34,,,Color,Óxido,Tamaño,70 x 70,Color de Tapicería,Gris,"439366,8","373461,78","241651,74"
camastro-leonor34,,,Color,Óxido,Tamaño,70 x 70,Color de Tapicería,Sin Tapicería,"293151,6","249178,86","161233,38"
camastro-leonor34,,,Color,Óxido,Tamaño,120 x 70,Color de Tapicería,Blanco,"690529,2","586949,82","379791,06"
camastro-leonor34,,,Color,Óxido,Tamaño,120 x 70,Color de Tapicería,Natural,"690529,2","586949,82","379791,06"
camastro-leonor34,,,Color,Óxido,Tamaño,120 x 70,Color de Tapicería,Gris,"690529,2","586949,82","379791,06"
camastro-leonor34,,,Color,Óxido,Tamaño,120 x 70,Color de Tapicería,Sin Tapicería,"389635,2","331189,92","214299,36"
camastro-leonor34,,,Color,Óxido,Tamaño,150 x 70,Color de Tapicería,Blanco,"779403,6","662493,06","428671,98"
camastro-leonor34,,,Color,Óxido,Tamaño,150 x 70,Color de Tapicería,Natural,"779403,6","662493,06","428671,98"
camastro-leonor34,,,Color,Óxido,Tamaño,150 x 70,Color de Tapicería,Gris,"779403,6","662493,06","428671,98"
camastro-leonor34,,,Color,Óxido,Tamaño,150 x 70,Color de Tapicería,Sin Tapicería,"708549,6","602267,16","389702,28"
camastro-leonor34,,,Color,Óxido,Tamaño,180 x 70,Color de Tapicería,Blanco,785400,667590,431970
camastro-leonor34,,,Color,Óxido,Tamaño,180 x 70,Color de Tapicería,Natural,785400,667590,431970
camastro-leonor34,,,Color,Óxido,Tamaño,180 x 70,Color de Tapicería,Gris,785400,667590,431970
camastro-leonor34,,,Color,Óxido,Tamaño,180 x 70,Color de Tapicería,Sin Tapicería,"479187,6","407309,46","263553,18"
camastro-leonor34,,,Color,Verde,Tamaño,70 x 70,Color de Tapicería,Blanco,"439366,8","373461,78","241651,74"
camastro-leonor34,,,Color,Verde,Tamaño,70 x 70,Color de Tapicería,Natural,"439366,8","373461,78","241651,74"
camastro-leonor34,,,Color,Verde,Tamaño,70 x 70,Color de Tapicería,Gris,"439366,8","373461,78","241651,74"
camastro-leonor34,,,Color,Verde,Tamaño,70 x 70,Color de Tapicería,Sin Tapicería,"293150,4","249177,84","161232,72"
camastro-leonor34,,,Color,Verde,Tamaño,120 x 70,Color de Tapicería,Blanco,"647373,6","550267,56","356055,48"
camastro-leonor34,,,Color,Verde,Tamaño,120 x 70,Color de Tapicería,Natural,"647373,6","550267,56","356055,48"
camastro-leonor34,,,Color,Verde,Tamaño,120 x 70,Color de Tapicería,Gris,"647373,6","550267,56","356055,48"
camastro-leonor34,,,Color,Verde,Tamaño,120 x 70,Color de Tapicería,Sin Tapicería,"365293,2","310499,22","200911,26"
camastro-leonor34,,,Color,Verde,Tamaño,150 x 70,Color de Tapicería,Blanco,"779403,6","662493,06","428671,98"
camastro-leonor34,,,Color,Verde,Tamaño,150 x 70,Color de Tapicería,Natural,"779403,6","662493,06","428671,98"
camastro-leonor34,,,Color,Verde,Tamaño,150 x 70,Color de Tapicería,Gris,"779403,6","662493,06","428671,98"
camastro-leonor34,,,Color,Verde,Tamaño,150 x 70,Color de Tapicería,Sin Tapicería,469218,"398835,3","258069,9"
camastro-leonor34,,,Color,Verde,Tamaño,180 x 70,Color de Tapicería,Blanco,863940,734349,475167
camastro-leonor34,,,Color,Verde,Tamaño,180 x 70,Color de Tapicería,Natural,863940,734349,475167
camastro-leonor34,,,Color,Verde,Tamaño,180 x 70,Color de Tapicería,Gris,863940,734349,475167
camastro-leonor34,,,Color,Verde,Tamaño,180 x 70,Color de Tapicería,Sin Tapicería,527106,"448040,1","289908,3"
camastro-delfina26,Camastro Delfina,Camastros,Color,Negro,Color de Tapicería,Blanco,Tamaño,80 x 80,"540163,2","459138,72","297089,76"
camastro-delfina26,,,Color,Negro,Color de Tapicería,Blanco,Tamaño,150 x 80,779916,"662928,6","428953,8"
camastro-delfina26,,,Color,Negro,Color de Tapicería,Blanco,Tamaño,180 x 80,"980410,8","833349,18","539225,94"
camastro-delfina26,,,Color,Negro,Color de Tapicería,Natural,Tamaño,80 x 80,"540163,2","459138,72","297089,76"
camastro-delfina26,,,Color,Negro,Color de Tapicería,Natural,Tamaño,150 x 80,779916,"662928,6","428953,8"
camastro-delfina26,,,Color,Negro,Color de Tapicería,Natural,Tamaño,180 x 80,"980410,8","833349,18","539225,94"
camastro-delfina26,,,Color,Negro,Color de Tapicería,Gris,Tamaño,80 x 80,"540163,2","459138,72","297089,76"
camastro-delfina26,,,Color,Negro,Color de Tapicería,Gris,Tamaño,150 x 80,779916,"662928,6","428953,8"
camastro-delfina26,,,Color,Negro,Color de Tapicería,Gris,Tamaño,180 x 80,"980410,8","833349,18","539225,94"
camastro-delfina26,,,Color,Blanco,Color de Tapicería,Blanco,Tamaño,80 x 80,"540163,2","459138,72","297089,76"
camastro-delfina26,,,Color,Blanco,Color de Tapicería,Blanco,Tamaño,150 x 80,779916,"662928,6","428953,8"
camastro-delfina26,,,Color,Blanco,Color de Tapicería,Blanco,Tamaño,180 x 80,"980410,8","833349,18","539225,94"
camastro-delfina26,,,Color,Blanco,Color de Tapicería,Natural,Tamaño,80 x 80,"540163,2","459138,72","297089,76"
camastro-delfina26,,,Color,Blanco,Color de Tapicería,Natural,Tamaño,150 x 80,779916,"662928,6","428953,8"
camastro-delfina26,,,Color,Blanco,Color de Tapicería,Natural,Tamaño,180 x 80,"980410,8","833349,18","539225,94"
camastro-delfina26,,,Color,Blanco,Color de Tapicería,Gris,Tamaño,80 x 80,"540163,2","459138,72","297089,76"
camastro-delfina26,,,Color,Blanco,Color de Tapicería,Gris,Tamaño,150 x 80,779916,"662928,6","428953,8"
camastro-delfina26,,,Color,Blanco,Color de Tapicería,Gris,Tamaño,180 x 80,"980410,8","833349,18","539225,94"
camastro-delfina26,,,Color,Verde,Color de Tapicería,Blanco,Tamaño,80 x 80,"540163,2","459138,72","297089,76"
camastro-delfina26,,,Color,Verde,Color de Tapicería,Blanco,Tamaño,150 x 80,779916,"662928,6","428953,8"
camastro-delfina26,,,Color,Verde,Color de Tapicería,Blanco,Tamaño,180 x 80,"980410,8","833349,18","539225,94"
camastro-delfina26,,,Color,Verde,Color de Tapicería,Natural,Tamaño,80 x 80,"540163,2","459138,72","297089,76"
camastro-delfina26,,,Color,Verde,Color de Tapicería,Natural,Tamaño,150 x 80,779916,"662928,6","428953,8"
camastro-delfina26,,,Color,Verde,Color de Tapicería,Natural,Tamaño,180 x 80,"980410,8","833349,18","539225,94"
camastro-delfina26,,,Color,Verde,Color de Tapicería,Gris,Tamaño,80 x 80,"540163,2","459138,72","297089,76"
camastro-delfina26,,,Color,Verde,Color de Tapicería,Gris,Tamaño,150 x 80,779916,"662928,6","428953,8"
camastro-delfina26,,,Color,Verde,Color de Tapicería,Gris,Tamaño,180 x 80,"980410,8","833349,18","539225,94"
camastro-luna35,Camastro Luna,Camastros,Color,Blanco,Color de Tapicería,Blanco,Tamaño,70 x 70,460764,"391649,4","253420,2"
camastro-luna35,,,Color,Blanco,Color de Tapicería,Blanco,Tamaño,150 x 70,"816778,8","694261,98","449228,34"
camastro-luna35,,,Color,Blanco,Color de Tapicería,Blanco,Tamaño,180 x 70,"906447,6","770480,46","498546,18"
camastro-luna35,,,Color,Blanco,Color de Tapicería,Gris,Tamaño,70 x 70,460764,"391649,4","253420,2"
camastro-luna35,,,Color,Blanco,Color de Tapicería,Gris,Tamaño,150 x 70,"816778,8","694261,98","449228,34"
camastro-luna35,,,Color,Blanco,Color de Tapicería,Gris,Tamaño,180 x 70,"906447,6","770480,46","498546,18"
camastro-luna35,,,Color,Blanco,Color de Tapicería,Natural,Tamaño,70 x 70,460764,"391649,4","253420,2"
camastro-luna35,,,Color,Blanco,Color de Tapicería,Natural,Tamaño,150 x 70,"816778,8","694261,98","449228,34"
camastro-luna35,,,Color,Blanco,Color de Tapicería,Natural,Tamaño,180 x 70,"906447,6","770480,46","498546,18"
camastro-luna35,,,Color,Blanco,Color de Tapicería,Sin Tapiceria,Tamaño,70 x 70,"296410,8","251949,18","163025,94"
camastro-luna35,,,Color,Blanco,Color de Tapicería,Sin Tapiceria,Tamaño,150 x 70,"527605,2","448464,42","290182,86"
camastro-luna35,,,Color,Blanco,Color de Tapicería,Sin Tapiceria,Tamaño,180 x 70,"535135,2","454864,92","294324,36"
camastro-luna35,,,Color,Negro,Color de Tapicería,Blanco,Tamaño,70 x 70,460764,"391649,4","253420,2"
camastro-luna35,,,Color,Negro,Color de Tapicería,Blanco,Tamaño,150 x 70,"816778,8","694261,98","449228,34"
camastro-luna35,,,Color,Negro,Color de Tapicería,Blanco,Tamaño,180 x 70,"906447,6","770480,46","498546,18"
camastro-luna35,,,Color,Negro,Color de Tapicería,Gris,Tamaño,70 x 70,460764,"391649,4","253420,2"
camastro-luna35,,,Color,Negro,Color de Tapicería,Gris,Tamaño,150 x 70,"816778,8","694261,98","449228,34"
camastro-luna35,,,Color,Negro,Color de Tapicería,Gris,Tamaño,180 x 70,"906447,6","770480,46","498546,18"
camastro-luna35,,,Color,Negro,Color de Tapicería,Natural,Tamaño,70 x 70,460764,"391649,4","253420,2"
camastro-luna35,,,Color,Negro,Color de Tapicería,Natural,Tamaño,150 x 70,"816778,8","694261,98","449228,34"
camastro-luna35,,,Color,Negro,Color de Tapicería,Natural,Tamaño,180 x 70,"906447,6","770480,46","498546,18"
camastro-luna35,,,Color,Negro,Color de Tapicería,Sin Tapiceria,Tamaño,70 x 70,"296410,8","251949,18","163025,94"
camastro-luna35,,,Color,Negro,Color de Tapicería,Sin Tapiceria,Tamaño,150 x 70,"527605,2","448464,42","290182,86"
camastro-luna35,,,Color,Negro,Color de Tapicería,Sin Tapiceria,Tamaño,180 x 70,"535135,2","454864,92","294324,36"
camastro-luna35,,,Color,Verde,Color de Tapicería,Blanco,Tamaño,70 x 70,"506840,4","430814,34","278762,22"
camastro-luna35,,,Color,Verde,Color de Tapicería,Blanco,Tamaño,150 x 70,"898455,6","763687,26","494150,58"
camastro-luna35,,,Color,Verde,Color de Tapicería,Blanco,Tamaño,180 x 70,997092,"847528,2","548400,6"
camastro-luna35,,,Color,Verde,Color de Tapicería,Gris,Tamaño,70 x 70,"506840,4","430814,34","278762,22"
camastro-luna35,,,Color,Verde,Color de Tapicería,Gris,Tamaño,150 x 70,"898455,6","763687,26","494150,58"
camastro-luna35,,,Color,Verde,Color de Tapicería,Gris,Tamaño,180 x 70,997092,"847528,2","548400,6"
camastro-luna35,,,Color,Verde,Color de Tapicería,Natural,Tamaño,70 x 70,"506840,4","430814,34","278762,22"
camastro-luna35,,,Color,Verde,Color de Tapicería,Natural,Tamaño,150 x 70,"898455,6","763687,26","494150,58"
camastro-luna35,,,Color,Verde,Color de Tapicería,Natural,Tamaño,180 x 70,997092,"847528,2","548400,6"
camastro-luna35,,,Color,Verde,Color de Tapicería,Sin Tapiceria,Tamaño,70 x 70,"326050,8","277143,18","179327,94"
camastro-luna35,,,Color,Verde,Color de Tapicería,Sin Tapiceria,Tamaño,150 x 70,"580365,6","493310,76","319201,08"
camastro-luna35,,,Color,Verde,Color de Tapicería,Sin Tapiceria,Tamaño,180 x 70,588648,"500350,8","323756,4"
camastro-gervasoni10,Camastro Gervasoni,Camastros,Color,Blanco,Tamaño,100 cm,Color de Tapicería,Natural,"643723,2","547164,72","354047,76"
camastro-gervasoni10,,,Color,Blanco,Tamaño,100 cm,Color de Tapicería,Blanco,"643723,2","547164,72","354047,76"
camastro-gervasoni10,,,Color,Blanco,Tamaño,100 cm,Color de Tapicería,Gris,"643723,2","547164,72","354047,76"
camastro-gervasoni10,,,Color,Blanco,Tamaño,100 cm,Color de Tapicería,Sin Tapiceria,"492927,6","418988,46","271110,18"
camastro-gervasoni10,,,Color,Blanco,Tamaño,80 cm,Color de Tapicería,Natural,515262,"437972,7","283394,1"
camastro-gervasoni10,,,Color,Blanco,Tamaño,80 cm,Color de Tapicería,Blanco,515262,"437972,7","283394,1"
camastro-gervasoni10,,,Color,Blanco,Tamaño,80 cm,Color de Tapicería,Gris,515262,"437972,7","283394,1"
camastro-gervasoni10,,,Color,Blanco,Tamaño,80 cm,Color de Tapicería,Sin Tapiceria,"387080,4","329018,34","212894,22"
camastro-gervasoni10,,,Color,Negro,Tamaño,100 cm,Color de Tapicería,Natural,"643723,2","547164,72","354047,76"
camastro-gervasoni10,,,Color,Negro,Tamaño,100 cm,Color de Tapicería,Blanco,"643723,2","547164,72","354047,76"
camastro-gervasoni10,,,Color,Negro,Tamaño,100 cm,Color de Tapicería,Gris,"643723,2","547164,72","354047,76"
camastro-gervasoni10,,,Color,Negro,Tamaño,100 cm,Color de Tapicería,Sin Tapiceria,4929252,"4189864,2","2711088,6"
camastro-gervasoni10,,,Color,Negro,Tamaño,80 cm,Color de Tapicería,Natural,515262,"437972,7","283394,1"
camastro-gervasoni10,,,Color,Negro,Tamaño,80 cm,Color de Tapicería,Blanco,515262,"437972,7","283394,1"
camastro-gervasoni10,,,Color,Negro,Tamaño,80 cm,Color de Tapicería,Gris,515262,"437972,7","283394,1"
camastro-gervasoni10,,,Color,Negro,Tamaño,80 cm,Color de Tapicería,Sin Tapiceria,"387080,4","329018,34","212894,22"
camastro-gervasoni10,,,Color,Oxido,Tamaño,100 cm,Color de Tapicería,Natural,"643723,2","547164,72","354047,76"
camastro-gervasoni10,,,Color,Oxido,Tamaño,100 cm,Color de Tapicería,Blanco,"643723,2","547164,72","354047,76"
camastro-gervasoni10,,,Color,Oxido,Tamaño,100 cm,Color de Tapicería,Gris,"643723,2","547164,72","354047,76"
camastro-gervasoni10,,,Color,Oxido,Tamaño,100 cm,Color de Tapicería,Sin Tapiceria,"492927,6","418988,46","271110,18"
camastro-gervasoni10,,,Color,Oxido,Tamaño,80 cm,Color de Tapicería,Natural,515262,"437972,7","283394,1"
camastro-gervasoni10,,,Color,Oxido,Tamaño,80 cm,Color de Tapicería,Blanco,515262,"437972,7","283394,1"
camastro-gervasoni10,,,Color,Oxido,Tamaño,80 cm,Color de Tapicería,Gris,515262,"437972,7","283394,1"
camastro-gervasoni10,,,Color,Oxido,Tamaño,80 cm,Color de Tapicería,Sin Tapiceria,"387080,4","329018,34","212894,22"
camastro-gervasoni10,,,Color,Verde,Tamaño,100 cm,Color de Tapicería,Natural,708090,"601876,5","389449,5"
camastro-gervasoni10,,,Color,Verde,Tamaño,100 cm,Color de Tapicería,Blanco,708090,"601876,5","389449,5"
camastro-gervasoni10,,,Color,Verde,Tamaño,100 cm,Color de Tapicería,Gris,708090,"601876,5","389449,5"
camastro-gervasoni10,,,Color,Verde,Tamaño,100 cm,Color de Tapicería,Sin Tapiceria,542220,460887,298221
camastro-gervasoni10,,,Color,Verde,Tamaño,80 cm,Color de Tapicería,Natural,"566787,6","481769,46","311733,18"
camastro-gervasoni10,,,Color,Verde,Tamaño,80 cm,Color de Tapicería,Blanco,"566787,6","481769,46","311733,18"
camastro-gervasoni10,,,Color,Verde,Tamaño,80 cm,Color de Tapicería,Gris,"566787,6","481769,46","311733,18"
camastro-gervasoni10,,,Color,Verde,Tamaño,80 cm,Color de Tapicería,Sin Tapiceria,"425788,8","361920,48","234183,84"
reposera10,Reposera,Reposeras,Color,Blanco,Color de Tapicería,Blanco,Tamaño,190 x 70,718008,"610306,8","394904,4"
reposera10,,,Color,Blanco,Color de Tapicería,Gris,Tamaño,190 x 70,718008,"610306,8","394904,4"
reposera10,,,Color,Blanco,Color de Tapicería,Natural,Tamaño,190 x 70,718008,"610306,8","394904,4"
reposera10,,,Color,Blanco,Color de Tapicería,Sin Tapiceria,Tamaño,190 x 70,"624164,4","530539,74","343290,42"
reposera10,,,Color,Negro,Color de Tapicería,Blanco,Tamaño,190 x 70,718008,"610306,8","394904,4"
reposera10,,,Color,Negro,Color de Tapicería,Gris,Tamaño,190 x 70,718008,"610306,8","394904,4"
reposera10,,,Color,Negro,Color de Tapicería,Natural,Tamaño,190 x 70,718008,"610306,8","394904,4"
reposera10,,,Color,Negro,Color de Tapicería,Sin Tapiceria,Tamaño,190 x 70,"624164,4","530539,74","343290,42"
reposera10,,,Color,Verde,Color de Tapicería,Blanco,Tamaño,190 x 70,"718735,2","610924,92","395304,36"
reposera10,,,Color,Verde,Color de Tapicería,Gris,Tamaño,190 x 70,"718735,2","610924,92","395304,36"
reposera10,,,Color,Verde,Color de Tapicería,Natural,Tamaño,190 x 70,"718735,2","610924,92","395304,36"
reposera10,,,Color,Verde,Color de Tapicería,Sin Tapiceria,Tamaño,190 x 70,"624164,4","530539,74","343290,42"
camastro-reposera-pau,Camastro Reposera Pau,Reposeras,Color,Blanco,Tamaño,190 x 70,Color de Tapicería,Gris,"1232744,4","1047832,74","678009,42"
camastro-reposera-pau,,,Color,Blanco,Tamaño,190 x 70,Color de Tapicería,Blanco,"1232744,4","1047832,74","678009,42"
camastro-reposera-pau,,,Color,Blanco,Tamaño,190 x 70,Color de Tapicería,Natural,"1232744,4","1047832,74","678009,42"
camastro-reposera-pau,,,Color,Blanco,Tamaño,190 x 70,Color de Tapicería,Sin Tapiceria,"887805,6","754634,76","488293,08"
camastro-reposera-pau,,,Color,Negro,Tamaño,190 x 70,Color de Tapicería,Gris,"1232744,4","1047832,74","678009,42"
camastro-reposera-pau,,,Color,Negro,Tamaño,190 x 70,Color de Tapicería,Blanco,"1232744,4","1047832,74","678009,42"
camastro-reposera-pau,,,Color,Negro,Tamaño,190 x 70,Color de Tapicería,Natural,"1232744,4","1047832,74","678009,42"
camastro-reposera-pau,,,Color,Negro,Tamaño,190 x 70,Color de Tapicería,Sin Tapiceria,"887805,6","754634,76","488293,08"
sillon-clemente,Sillón Clemente,Camastros,Color,Negro,,,,,"565.678,00","480826,3","311122,9"
sillon-clemente,,,Color,Verde,,,,,"622.246,00","528909,1","342235,3"
soporte-de-barrales,Soporte de Barrales,Barrales y Accesorios > Accesorios,Modelo,Simple,Color,Blanco,,,13200,11220,7260
soporte-de-barrales,,,Modelo,Simple,Color,Negro,,,13200,11220,7260
soporte-de-barrales,,,Modelo,Largo,Color,Blanco,,,15840,13464,8712
soporte-de-barrales,,,Modelo,Largo,Color,Negro,,,15840,13464,8712
soporte-de-barrales,,,Modelo,Doble,Color,Blanco,,,23760,20196,13068
soporte-de-barrales,,,Modelo,Doble,Color,Negro,,,23760,20196,13068
soporte-de-barrales,,,Modelo,Techo,Color,Blanco,,,13200,11220,7260
soporte-de-barrales,,,Modelo,Techo,Color,Negro,,,13200,11220,7260
soporte-de-barrales,,,Modelo,Techo Doble,Color,Blanco,,,23760,20196,13068
soporte-de-barrales,,,Modelo,Techo Doble,Color,Negro,,,23760,20196,13068
porta-macetas-agostina-30-x-25-x-181,Porta Macetas Agostina,Decoración del Hogar,Color,Blanco,Tamaño,30 x 18,,,26400,22440,14520
porta-macetas-agostina-30-x-25-x-181,,,Color,Blanco,Tamaño,30 x 22,,,26400,22440,14520
porta-macetas-agostina-30-x-25-x-181,,,Color,Blanco,Tamaño,60 x 18,,,"28.800,00",24480,15840
porta-macetas-agostina-30-x-25-x-181,,,Color,Blanco,Tamaño,60 x 22,,,"28.800,00",24480,15840
porta-macetas-agostina-30-x-25-x-181,,,Color,Blanco,Tamaño,75 x 18,,,"33.240,00",28254,18282
porta-macetas-agostina-30-x-25-x-181,,,Color,Blanco,Tamaño,75 x 22,,,"33.240,00",28254,18282
porta-macetas-agostina-30-x-25-x-181,,,Color,Negro,Tamaño,30 x 18,,,"22.098,00","18783,3","12153,9"
porta-macetas-agostina-30-x-25-x-181,,,Color,Negro,Tamaño,30 x 22,,,"22.098,00","18783,3","12153,9"
porta-macetas-agostina-30-x-25-x-181,,,Color,Negro,Tamaño,60 x 18,,,"28.800,00",24480,15840
porta-macetas-agostina-30-x-25-x-181,,,Color,Negro,Tamaño,60 x 22,,,"28.800,00",24480,15840
porta-macetas-agostina-30-x-25-x-181,,,Color,Negro,Tamaño,75 x 18,,,"33.240,00",28254,18282
porta-macetas-agostina-30-x-25-x-181,,,Color,Negro,Tamaño,75 x 22,,,"33.240,00",28254,18282
banco-sol,Banco Sol,Camastros,Color,Blanco,Color de Tapicería,Blanco,,,297000,252450,163350
banco-sol,,,Color,Blanco,Color de Tapicería,Gris,,,297000,252450,163350
banco-sol,,,Color,Blanco,Color de Tapicería,Natural,,,297000,252450,163350
banco-sol,,,Color,Negro,Color de Tapicería,Blanco,,,297000,252450,163350
banco-sol,,,Color,Negro,Color de Tapicería,Gris,,,297000,252450,163350
banco-sol,,,Color,Negro,Color de Tapicería,Natural,,,297000,252450,163350
sillon-tulum1,Sillón tulúm,,,,,,,,234960,199716,129228
banco-tronco-35-a-50-cm,Banco Tronco 35 a 50 cm.,Sillones y sillas > Sillas y Banquetas,,,,,,,180000,153000,99000
mesa-ana8,Mesa Ana,Mesas > Auxiliares,Color,Blanco,Tamaño,40 x 40 x 40,,,"245902,8","209017,38","135246,54"
mesa-ana8,,,Color,Blanco,Tamaño,40 x 40 x 50,,,252252,"214414,2","138738,6"
mesa-ana8,,,Color,Blanco,Tamaño,40 x 40 x 75,,,"262521,6","223143,36","144386,88"
mesa-ana8,,,Color,Negro,Tamaño,40 x 40 x 40,,,"245902,8","209017,38","135246,54"
mesa-ana8,,,Color,Negro,Tamaño,40 x 40 x 50,,,252252,"214414,2","138738,6"
mesa-ana8,,,Color,Negro,Tamaño,40 x 40 x 75,,,"262521,6","223143,36","144386,88"
mesa-ana8,,,Color,Oxido,Tamaño,40 x 40 x 40,,,"245902,8","209017,38","135246,54"
mesa-ana8,,,Color,Oxido,Tamaño,40 x 40 x 50,,,252252,"214414,2","138738,6"
mesa-ana8,,,Color,Oxido,Tamaño,40 x 40 x 75,,,"262521,6","223143,36","144386,88"
mesa-ana8,,,Color,Verde,Tamaño,40 x 40 x 40,,,"245902,8","209017,38","135246,54"
mesa-ana8,,,Color,Verde,Tamaño,40 x 40 x 50,,,252252,"214414,2","138738,6"
mesa-ana8,,,Color,Verde,Tamaño,40 x 40 x 75,,,"262521,6","223143,36","144386,88"
mesa-brisa8,Mesa Brisa,Mesas > Ratonas,Color,Blanco,Tamaño,50 x 50,,,192984,"164036,4","106141,2"
mesa-brisa8,,,Color,Blanco,Tamaño,100 x 50,,,"319760,4","271796,34","175868,22"
mesa-brisa8,,,Color,Blanco,Tamaño,150 x 50,,,"470672,4","400071,54","258869,82"
mesa-brisa8,,,Color,Blanco,Tamaño,100 x 100,,,"573751,2","487688,52","315563,16"
mesa-brisa8,,,Color,Negro,Tamaño,50 x 50,,,192984,"164036,4","106141,2"
mesa-brisa8,,,Color,Negro,Tamaño,100 x 50,,,"319760,4","271796,34","175868,22"
mesa-brisa8,,,Color,Negro,Tamaño,150 x 50,,,"470672,4","400071,54","258869,82"
mesa-brisa8,,,Color,Negro,Tamaño,100 x 100,,,"573751,2","487688,52","315563,16"
mesa-brisa8,,,Color,Oxido,Tamaño,50 x 50,,,192984,"164036,4","106141,2"
mesa-brisa8,,,Color,Oxido,Tamaño,100 x 50,,,"319760,4","271796,34","175868,22"
mesa-brisa8,,,Color,Oxido,Tamaño,150 x 50,,,"470672,4","400071,54","258869,82"
mesa-brisa8,,,Color,Oxido,Tamaño,100 x 100,,,"573751,2","487688,52","315563,16"
mesa-brisa8,,,Color,Verde,Tamaño,50 x 50,,,"212282,4","180440,04","116755,32"
mesa-brisa8,,,Color,Verde,Tamaño,100 x 50,,,"320179,2","272152,32","176098,56"
mesa-brisa8,,,Color,Verde,Tamaño,150 x 50,,,441276,"375084,6","242701,8"
mesa-brisa8,,,Color,Verde,Tamaño,100 x 100,,,537900,457215,295845
mesa-nido-circular5,Juego de Mesas nido redondas,Mesas > Ratonas,Color,Blanco,Medida,40cm y 60cm,,,412698,"350793,3","226983,9"
mesa-nido-circular5,,,Color,Negro,Medida,40cm y 60cm,,,412698,"350793,3","226983,9"
mesa-nido-circular5,,,Color,Oxido,Medida,40cm y 60cm,,,412698,"350793,3","226983,9"
mesa-nido-circular5,,,Color,Verde,Medida,40cm y 60cm,,,433332,"368332,2","238332,6"
mesa-valentino-desmontable1,Mesa Valentino Desmontable,Mesas > Comedor / Galería,Madera,"Paraiso 2""",,,,,"1.200.000,00",1020000,660000
mesa-valentino-desmontable1,,,Madera,"Eucaliptus 2""",,,,,"900.000,00",765000,495000
perchero-mercurio,Perchero Mercurio,Decoración del Hogar,Color,Blanco,,,,,"9.000,00",7650,4950
perchero-mercurio,,,Color,Negro,,,,,"9.000,00",7650,4950
zapatero1,Zapatero Cata,Decoración del Hogar,Color,Blanco,,,,,"75859,2","64480,32","41722,56"
zapatero1,,,Color,Negro,,,,,"75859,2","64480,32","41722,56"
zapatero1,,,Color,Oxido,,,,,"75859,2","64480,32","41722,56"
fogonero-efesto5,Fogonero Efesto,Fogoneros,Color,Negro,Tamaño,60 cm,,,230700,196095,126885
fogonero-efesto5,,,Color,Negro,Tamaño,80 cm,,,"342424,8","291061,08","188333,64"
fogonero-efesto5,,,Color,Negro,Tamaño,100 cm,,,474870,"403639,5","261178,5"
fogonero-efesto5,,,Color,Oxido,Tamaño,60 cm,,,230700,196095,126885
fogonero-efesto5,,,Color,Oxido,Tamaño,80 cm,,,"342424,8","291061,08","188333,64"
fogonero-efesto5,,,Color,Oxido,Tamaño,100 cm,,,474870,"403639,5","261178,5"
fogonero-perikles3,Fogonero Perikles,Fogoneros,Tamaño,60 cm,Color,Negro,,,"269654,4","229206,24","148309,92"
fogonero-perikles3,,,Tamaño,60 cm,Color,oxido,,,"269654,4","229206,24","148309,92"
fogonero-perikles3,,,Tamaño,80 cm,Color,Negro,,,"384661,2","326962,02","211563,66"
fogonero-perikles3,,,Tamaño,80 cm,Color,oxido,,,"384661,2","326962,02","211563,66"
fogonero-perikles3,,,Tamaño,100 cm,Color,Negro,,,"539626,8","458682,78","296794,74"
fogonero-perikles3,,,Tamaño,100 cm,Color,oxido,,,"539626,8","458682,78","296794,74"
juego-de-camastro-3-piezas12,"Juego de Camastro, 3 piezas",Camastros,Color,Blanco,Color de Tapicería,Blanco,Tamaño,1 x 150 2 x 70,1584000,1346400,871200
juego-de-camastro-3-piezas12,,,Color,Blanco,Color de Tapicería,Blanco,Tamaño,1 x 180 2 x 70,1680000,1428000,924000
juego-de-camastro-3-piezas12,,,Color,Blanco,Color de Tapicería,Gris,Tamaño,1 x 150 2 x 70,1584000,1346400,871200
juego-de-camastro-3-piezas12,,,Color,Blanco,Color de Tapicería,Gris,Tamaño,1 x 180 2 x 70,1680000,1428000,924000
juego-de-camastro-3-piezas12,,,Color,Blanco,Color de Tapicería,Natural,Tamaño,1 x 150 2 x 70,1584000,1346400,871200
juego-de-camastro-3-piezas12,,,Color,Blanco,Color de Tapicería,Natural,Tamaño,1 x 180 2 x 70,1680000,1428000,924000
juego-de-camastro-3-piezas12,,,Color,Negro,Color de Tapicería,Blanco,Tamaño,1 x 150 2 x 70,1584000,1346400,871200
juego-de-camastro-3-piezas12,,,Color,Negro,Color de Tapicería,Blanco,Tamaño,1 x 180 2 x 70,1680000,1428000,924000
juego-de-camastro-3-piezas12,,,Color,Negro,Color de Tapicería,Gris,Tamaño,1 x 150 2 x 70,1584000,1346400,871200
juego-de-camastro-3-piezas12,,,Color,Negro,Color de Tapicería,Gris,Tamaño,1 x 180 2 x 70,1680000,1428000,924000
juego-de-camastro-3-piezas12,,,Color,Negro,Color de Tapicería,Natural,Tamaño,1 x 150 2 x 70,1584000,1346400,871200
juego-de-camastro-3-piezas12,,,Color,Negro,Color de Tapicería,Natural,Tamaño,1 x 180 2 x 70,1680000,1428000,924000
juego-de-camastro-3-piezas12,,,Color,verde,Color de Tapicería,Blanco,Tamaño,1 x 150 2 x 70,1663200,1413720,914760
juego-de-camastro-3-piezas12,,,Color,verde,Color de Tapicería,Blanco,Tamaño,1 x 180 2 x 70,1764000,1499400,970200
juego-de-camastro-3-piezas12,,,Color,verde,Color de Tapicería,Gris,Tamaño,1 x 150 2 x 70,1663200,1413720,914760
juego-de-camastro-3-piezas12,,,Color,verde,Color de Tapicería,Gris,Tamaño,1 x 180 2 x 70,1764000,1499400,970200
juego-de-camastro-3-piezas12,,,Color,verde,Color de Tapicería,Natural,Tamaño,1 x 150 2 x 70,1663200,1413720,914760
juego-de-camastro-3-piezas12,,,Color,verde,Color de Tapicería,Natural,Tamaño,1 x 180 2 x 70,1764000,1499400,970200
juego-de-camastro-3-piezas-mas-mesa-brisa16,"Juego de Camastro, 3 piezas más mesa Brisa",Camastros,Color,Blanco,Color de Tapicería,Blanco,Tamaño,"1 de 150, 2 de 70, 1 mesa",1907400,1621290,1049070
juego-de-camastro-3-piezas-mas-mesa-brisa16,,,Color,Blanco,Color de Tapicería,Blanco,Tamaño,1 de 180. 2 de 70. 1 mesa,1980000,1683000,1089000
juego-de-camastro-3-piezas-mas-mesa-brisa16,,,Color,Blanco,Color de Tapicería,Natural,Tamaño,"1 de 150, 2 de 70, 1 mesa",1907400,1621290,1049070
juego-de-camastro-3-piezas-mas-mesa-brisa16,,,Color,Blanco,Color de Tapicería,Natural,Tamaño,1 de 180. 2 de 70. 1 mesa,1980000,1683000,1089000
juego-de-camastro-3-piezas-mas-mesa-brisa16,,,Color,Blanco,Color de Tapicería,Gris,Tamaño,"1 de 150, 2 de 70, 1 mesa",1907400,1621290,1049070
juego-de-camastro-3-piezas-mas-mesa-brisa16,,,Color,Blanco,Color de Tapicería,Gris,Tamaño,1 de 180. 2 de 70. 1 mesa,1980000,1683000,1089000
juego-de-camastro-3-piezas-mas-mesa-brisa16,,,Color,Negro,Color de Tapicería,Blanco,Tamaño,"1 de 150, 2 de 70, 1 mesa",1907400,1621290,1049070
juego-de-camastro-3-piezas-mas-mesa-brisa16,,,Color,Negro,Color de Tapicería,Blanco,Tamaño,1 de 180. 2 de 70. 1 mesa,1980000,1683000,1089000
juego-de-camastro-3-piezas-mas-mesa-brisa16,,,Color,Negro,Color de Tapicería,Natural,Tamaño,"1 de 150, 2 de 70, 1 mesa",1907400,1621290,1049070
juego-de-camastro-3-piezas-mas-mesa-brisa16,,,Color,Negro,Color de Tapicería,Natural,Tamaño,1 de 180. 2 de 70. 1 mesa,1980000,1683000,1089000
juego-de-camastro-3-piezas-mas-mesa-brisa16,,,Color,Negro,Color de Tapicería,Gris,Tamaño,"1 de 150, 2 de 70, 1 mesa",1907400,1621290,1049070
juego-de-camastro-3-piezas-mas-mesa-brisa16,,,Color,Negro,Color de Tapicería,Gris,Tamaño,1 de 180. 2 de 70. 1 mesa,1980000,1683000,1089000
juego-de-camastro-3-piezas-mas-mesa-brisa16,,,Color,Verde,Color de Tapicería,Blanco,Tamaño,"1 de 150, 2 de 70, 1 mesa",2001600,1701360,1100880
juego-de-camastro-3-piezas-mas-mesa-brisa16,,,Color,Verde,Color de Tapicería,Blanco,Tamaño,1 de 180. 2 de 70. 1 mesa,2088000,1774800,1148400
juego-de-camastro-3-piezas-mas-mesa-brisa16,,,Color,Verde,Color de Tapicería,Natural,Tamaño,"1 de 150, 2 de 70, 1 mesa",2001600,1701360,1100880
juego-de-camastro-3-piezas-mas-mesa-brisa16,,,Color,Verde,Color de Tapicería,Natural,Tamaño,1 de 180. 2 de 70. 1 mesa,2088000,1774800,1148400
juego-de-camastro-3-piezas-mas-mesa-brisa16,,,Color,Verde,Color de Tapicería,Gris,Tamaño,"1 de 150, 2 de 70, 1 mesa",2001600,1701360,1100880
juego-de-camastro-3-piezas-mas-mesa-brisa16,,,Color,Verde,Color de Tapicería,Gris,Tamaño,1 de 180. 2 de 70. 1 mesa,2088000,1774800,1148400
juego-de-camastro-3-piezas-mas-mesa-brisa-y-fogonero17,"Juego de Camastro, 3 piezas más mesa Brisa y Fogonero",Camastros,Color,Blanco,Color de Tapicería,Blanco,Tamaño,"1 x 150, 2 x 70, 1 mesa, 1 fogonero","2415896,4","2053511,94","1328743,02"
juego-de-camastro-3-piezas-mas-mesa-brisa-y-fogonero17,,,Color,Blanco,Color de Tapicería,Blanco,Tamaño,"1 x 180, 2 x 70, 1 mesa, 1 fogonero","2442740,4","2076329,34","1343507,22"
juego-de-camastro-3-piezas-mas-mesa-brisa-y-fogonero17,,,Color,Blanco,Color de Tapicería,Natural,Tamaño,"1 x 150, 2 x 70, 1 mesa, 1 fogonero","2415896,4","2053511,94","1328743,02"
juego-de-camastro-3-piezas-mas-mesa-brisa-y-fogonero17,,,Color,Blanco,Color de Tapicería,Natural,Tamaño,"1 x 180, 2 x 70, 1 mesa, 1 fogonero","2442740,4","2076329,34","1343507,22"
juego-de-camastro-3-piezas-mas-mesa-brisa-y-fogonero17,,,Color,Blanco,Color de Tapicería,Gris,Tamaño,"1 x 150, 2 x 70, 1 mesa, 1 fogonero","2415896,4","2053511,94","1328743,02"
juego-de-camastro-3-piezas-mas-mesa-brisa-y-fogonero17,,,Color,Blanco,Color de Tapicería,Gris,Tamaño,"1 x 180, 2 x 70, 1 mesa, 1 fogonero","2442740,4","2076329,34","1343507,22"
juego-de-camastro-3-piezas-mas-mesa-brisa-y-fogonero17,,,Color,Negro,Color de Tapicería,Blanco,Tamaño,"1 x 150, 2 x 70, 1 mesa, 1 fogonero","2415896,4","2053511,94","1328743,02"
juego-de-camastro-3-piezas-mas-mesa-brisa-y-fogonero17,,,Color,Negro,Color de Tapicería,Blanco,Tamaño,"1 x 180, 2 x 70, 1 mesa, 1 fogonero","2442740,4","2076329,34","1343507,22"
juego-de-camastro-3-piezas-mas-mesa-brisa-y-fogonero17,,,Color,Negro,Color de Tapicería,Natural,Tamaño,"1 x 150, 2 x 70, 1 mesa, 1 fogonero","2415896,4","2053511,94","1328743,02"
juego-de-camastro-3-piezas-mas-mesa-brisa-y-fogonero17,,,Color,Negro,Color de Tapicería,Natural,Tamaño,"1 x 180, 2 x 70, 1 mesa, 1 fogonero","2442740,4","2076329,34","1343507,22"
juego-de-camastro-3-piezas-mas-mesa-brisa-y-fogonero17,,,Color,Negro,Color de Tapicería,Gris,Tamaño,"1 x 150, 2 x 70, 1 mesa, 1 fogonero","2415896,4","2053511,94","1328743,02"
juego-de-camastro-3-piezas-mas-mesa-brisa-y-fogonero17,,,Color,Negro,Color de Tapicería,Gris,Tamaño,"1 x 180, 2 x 70, 1 mesa, 1 fogonero","2442740,4","2076329,34","1343507,22"
juego-de-camastro-3-piezas-mas-mesa-brisa-y-fogonero17,,,Color,Verde,Color de Tapicería,Blanco,Tamaño,"1 x 150, 2 x 70, 1 mesa, 1 fogonero","2415896,4","2053511,94","1328743,02"
juego-de-camastro-3-piezas-mas-mesa-brisa-y-fogonero17,,,Color,Verde,Color de Tapicería,Blanco,Tamaño,"1 x 180, 2 x 70, 1 mesa, 1 fogonero","2687014,8","2283962,58","1477858,14"
juego-de-camastro-3-piezas-mas-mesa-brisa-y-fogonero17,,,Color,Verde,Color de Tapicería,Natural,Tamaño,"1 x 150, 2 x 70, 1 mesa, 1 fogonero","2657618,4","2258975,64","1461690,12"
juego-de-camastro-3-piezas-mas-mesa-brisa-y-fogonero17,,,Color,Verde,Color de Tapicería,Natural,Tamaño,"1 x 180, 2 x 70, 1 mesa, 1 fogonero","2687014,8","2283962,58","1477858,14"
juego-de-camastro-3-piezas-mas-mesa-brisa-y-fogonero17,,,Color,Verde,Color de Tapicería,Gris,Tamaño,"1 x 150, 2 x 70, 1 mesa, 1 fogonero","2657618,4","2258975,64","1461690,12"
juego-de-camastro-3-piezas-mas-mesa-brisa-y-fogonero17,,,Color,Verde,Color de Tapicería,Gris,Tamaño,"1 x 180, 2 x 70, 1 mesa, 1 fogonero","2687014,8","2283962,58","1477858,14"
terminal,Terminal,Barrales y Accesorios > Accesorios,Variante,Esfera,Color,Blanco,,,"14.907,00","12670,95","8198,85"
terminal,,,Variante,Esfera,Color,Negro,,,"14.907,00","12670,95","8198,85"
terminal,,,Variante,Cilindro,Color,Blanco,,,"10.648,00","9050,8","5856,4"
terminal,,,Variante,Cilindro,Color,Negro,,,"10.648,00","9050,8","5856,4"
terminal,,,Variante,Rulo,Color,Blanco,,,"24.090,00","20476,5","13249,5"
terminal,,,Variante,Rulo,Color,Negro,,,"24.090,00","20476,5","13249,5"
barral-cortina15,Caño Barral Cortina,"Barrales y Accesorios > Accesorios, Barrales y Accesorios > Barrales Solos (caño)",Color,Blanco,Medida,100 cm,,,12744,"10832,4","7009,2"
barral-cortina15,,,Color,Blanco,Medida,150 cm,,,19116,"16248,6","10513,8"
barral-cortina15,,,Color,Blanco,Medida,200 cm,,,"25485,6","21662,76","14017,08"
barral-cortina15,,,Color,Blanco,Medida,250 cm,,,31848,"27070,8","17516,4"
barral-cortina15,,,Color,Blanco,Medida,300 cm,,,38208,"32476,8","21014,4"
barral-cortina15,,,Color,Blanco,Medida,350 cm,,,"44572,8","37886,88","24515,04"
barral-cortina15,,,Color,Blanco,Medida,400 cm,,,"46300,8","39355,68","25465,44"
barral-cortina15,,,Color,Blanco,Medida,450 cm,,,57300,48705,31515
barral-cortina15,,,Color,Blanco,Medida,500 cm,,,63660,54111,35013
barral-cortina15,,,Color,Blanco,Medida,550 cm,,,70020,59517,38511
barral-cortina15,,,Color,Negro,Medida,100 cm,,,12744,"10832,4","7009,2"
barral-cortina15,,,Color,Negro,Medida,150 cm,,,19116,"16248,6","10513,8"
barral-cortina15,,,Color,Negro,Medida,200 cm,,,"25485,6","21662,76","14017,08"
barral-cortina15,,,Color,Negro,Medida,250 cm,,,31848,"27070,8","17516,4"
barral-cortina15,,,Color,Negro,Medida,300 cm,,,38208,"32476,8","21014,4"
barral-cortina15,,,Color,Negro,Medida,350 cm,,,"44572,8","37886,88","24515,04"
barral-cortina15,,,Color,Negro,Medida,400 cm,,,"46300,8","39355,68","25465,44"
barral-cortina15,,,Color,Negro,Medida,450 cm,,,57300,48705,31515
barral-cortina15,,,Color,Negro,Medida,500 cm,,,63660,54111,35013
barral-cortina15,,,Color,Negro,Medida,550 cm,,,70020,59517,38511
argollas,Argollas,Barrales y Accesorios > Accesorios,Variante,Cocodrilo,Color,Blanco,cantidad,1,"1.600,00",1360,880
argollas,,,Variante,Cocodrilo,Color,Negro,cantidad,1,"1.600,00",1360,880
argollas,,,Variante,Simple,Color,Blanco,cantidad,1,"1.400,00",1190,770
argollas,,,Variante,Simple,Color,Negro,cantidad,1,"1.400,00",1190,770
mesa-primera-mudanza,Mesa Primera Mudanza,Mesas > Comedor / Galería,Color,Blanco,,,,,830964,"706319,4","457030,2"
mesa-primera-mudanza,,,Color,Negro,,,,,830964,"706319,4","457030,2"
mesa-primera-mudanza,,,Color,Oxido,,,,,830964,"706319,4","457030,2"
mesa-primera-mudanza,,,Color,Verde,,,,,872400,741540,479820
mesa-ara,Mesa Ara,Mesas > Comedor / Galería,,,,,,,2700000,2295000,1485000
,,,,,,,,,,,0